[
  {
    "value": "Sujith Mathew",
    "synonyms": [
      "Sujith Mathew"
    ]
  },
  {
    "value": "Muna Bader",
    "synonyms": [
      "Muna Bader"
    ]
  },
  {
    "value": "Abdallah Tubaishat",
    "synonyms": [
      "Abdallah Tubaishat"
    ]
  },
  {
    "value": "Ziad Adwan",
    "synonyms": [
      "Ziad Adwan"
    ]
  },
  {
    "value": "Maurice Danaher",
    "synonyms": [
      "Maurice Danaher"
    ]
  },
  {
    "value": "Fatima AlHarbi",
    "synonyms": [
      "Fatima AlHarbi"
    ]
  },
  {
    "value": "Mohammad Amin Kuhail",
    "synonyms": [
      "Mohammad Amin Kuhail"
    ]
  },
  {
    "value": "Adam Jeffers",
    "synonyms": [
      "Adam Jeffers"
    ]
  },
  {
    "value": "Ahmad Aljanadbah",
    "synonyms": [
      "Ahmad Aljanadbah"
    ]
  },
  {
    "value": "Ahmad Mashreqi",
    "synonyms": [
      "Ahmad Mashreqi"
    ]
  },
  {
    "value": "Ajda OsifO",
    "synonyms": [
      "Ajda Osifo"
    ]
  },
  {
    "value": "Amer Malbanji",
    "synonyms": [
      "Amer Malbanji"
    ]
  },
  {
    "value": "Anas Abuata",
    "synonyms": [
      "Anas Abuata"
    ]
  },
  {
    "value": "Asmaa AlHameli",
    "synonyms": [
      "Asmaa AlHameli"
    ]
  },
  {
    "value": "Asmaa Seyam",
    "synonyms": [
      "Asmaa Seyam"
    ]
  },
  {
    "value": "Ayesha AlKetbi",
    "synonyms": [
      "Ayesha AlKetbi"
    ]
  },
  {
    "value": "Basel Almourad",
    "synonyms": [
      "Basel Almourad"
    ]
  },
  {
    "value": "Bhavesh Jumnadass",
    "synonyms": [
      "Bhavesh Jumnadass"
    ]
  },
  {
    "value": "Chrysavgi Papagianni",
    "synonyms": [
      "Chrysavgi Papagianni"
    ]
  },
  {
    "value": "Dominique Waters",
    "synonyms": [
      "Dominique Waters"
    ]
  },
  {
    "value": "Ebrahim Hashem",
    "synonyms": [
      "Ebrahim Hashem"
    ]
  },
  {
    "value": "Edmund Evangelista",
    "synonyms": [
      "Edmund Evangelista"
    ]
  },
  {
    "value": "Emad Bataineh",
    "synonyms": [
      "Emad Bataineh"
    ]
  },
  {
    "value": "Erik Thornquist",
    "synonyms": [
      "Erik Thornquist"
    ]
  },
  {
    "value": "Glynda Stiner",
    "synonyms": [
      "Glynda Stiner"
    ]
  },
  {
    "value": "Hadeel AlZawahreh",
    "synonyms": [
      "Hadeel AlZawahreh"
    ]
  },
  {
    "value": "Hala ElNagar",
    "synonyms": [
      "Hala ElNagar"
    ]
  },
  {
    "value": "Hamda Al Breiki",
    "synonyms": [
      "Hamda Al Breiki"
    ]
  },
  {
    "value": "Hanar Atroshi",
    "synonyms": [
      "Hanar Atroshi"
    ]
  },
  {
    "value": "Hayfa Abdul Jaber",
    "synonyms": [
      "Hayfa Abdul Jaber"
    ]
  },
  {
    "value": "Hussain AlMansoori",
    "synonyms": [
      "Hussain AlMansoori"
    ]
  },
  {
    "value": "Hussein Sabry",
    "synonyms": [
      "Hussein Sabry"
    ]
  },
  {
    "value": "Imran Junejo",
    "synonyms": [
      "Imran Junejo"
    ]
  },
  {
    "value": "Izzeddin Asad",
    "synonyms": [
      "Izzeddin Asad"
    ]
  },
  {
    "value": "Jacklyn Gentile",
    "synonyms": [
      "Jacklyn Gentile"
    ]
  },
  {
    "value": "Jaime Buchanan",
    "synonyms": [
      "Jaime Buchanan"
    ]
  },
  {
    "value": "Jalal AlHallak",
    "synonyms": [
      "Jalal AlHallak"
    ]
  },
  {
    "value": "Janice Kaur Munster",
    "synonyms": [
      "Janice Kaur Munster"
    ]
  },
  {
    "value": "Jeffery Davis",
    "synonyms": [
      "Jeffery Davis"
    ]
  },
  {
    "value": "Jobila Sy",
    "synonyms": [
      "Jobila Sy"
    ]
  },
  {
    "value": "Lama Mahmoud",
    "synonyms": [
      "Lama Mahmoud"
    ]
  },
  {
    "value": "Lance Kahn",
    "synonyms": [
      "Lance Kahn"
    ]
  },
  {
    "value": "leyla Ozmenekse",
    "synonyms": [
      "leyla Ozmenekse"
    ]
  },
  {
    "value": "Liza Ahmad",
    "synonyms": [
      "Liza Ahmad"
    ]
  },
  {
    "value": "Maher Aburros",
    "synonyms": [
      "Maher Aburros"
    ]
  },
  {
    "value": "Man Baker",
    "synonyms": [
      "Man Baker"
    ]
  },
  {
    "value": "Mohammad AlAkhras",
    "synonyms": [
      "Mohammad AlAkhras"
    ]
  },
  {
    "value": "Mohammed Salami",
    "synonyms": [
      "Mohammed Salami"
    ]
  },
  {
    "value": "Mohd Nazir",
    "synonyms": [
      "Mohd Nazir"
    ]
  },
  {
    "value": "Mokhtar Boularawi",
    "synonyms": [
      "Mokhtar Boularawi"
    ]
  },
  {
    "value": "Mostapha Dogim",
    "synonyms": [
      "Mostapha Dogim"
    ]
  },
  {
    "value": "Muhammad Qureshi",
    "synonyms": [
      "Muhammad Qureshi"
    ]
  },
  {
    "value": "Paul Gerard Carroll",
    "synonyms": [
      "Paul Gerard Carroll"
    ]
  },
  {
    "value": "Peter Tall",
    "synonyms": [
      "Peter Tall"
    ]
  },
  {
    "value": "Rabah Maghraoui",
    "synonyms": [
      "Rabah Maghraoui"
    ]
  },
  {
    "value": "Rachid Bentoumi",
    "synonyms": [
      "Rachid Bentoumi"
    ]
  },
  {
    "value": "Rafiq Hijazi",
    "synonyms": [
      "Rafiq Hijazi"
    ]
  },
  {
    "value": "Rashed Algaoud",
    "synonyms": [
      "Rashed Algaoud"
    ]
  },
  {
    "value": "Rima Al Chaar",
    "synonyms": [
      "Rima Al Chaar"
    ]
  },
  {
    "value": "Said El Bousklaoui",
    "synonyms": [
      "Said El Bousklaoui"
    ]
  },
  {
    "value": "Salwa Husain",
    "synonyms": [
      "Salwa Husain"
    ]
  },
  {
    "value": "Samah Al Asmar",
    "synonyms": [
      "Samah Al Asmar"
    ]
  },
  {
    "value": "Sanaa Kaddoura",
    "synonyms": [
      "Sanaa Kaddoura"
    ]
  },
  {
    "value": "Shahbano Farooq",
    "synonyms": [
      "Shahbano Farooq"
    ]
  },
  {
    "value": "Shorouk Hanafy",
    "synonyms": [
      "Shorouk Hanafy"
    ]
  },
  {
    "value": "Stephanie Siam",
    "synonyms": [
      "Stephanie Siam"
    ]
  },
  {
    "value": "Tatjana Skoro",
    "synonyms": [
      "Tatjana Skoro"
    ]
  },
  {
    "value": "Vasilia AlKhaldi",
    "synonyms": [
      "Vasilia AlKhaldi"
    ]
  },
  {
    "value": "Yogi Erlangga",
    "synonyms": [
      "Yogi Erlangga"
    ]
  }
]