[
  {
    "value": "SWE371",
    "synonyms": [
      "SWE371"
    ]
  },
  {
    "value": "ADV100",
    "synonyms": [
      "ADV100"
    ]
  },
  {
    "value": "ARA030",
    "synonyms": [
      "ARA030"
    ]
  },
  {
    "value": "CIT210",
    "synonyms": [
      "CIT210"
    ]
  },
  {
    "value": "ENG140",
    "synonyms": [
      "ENG140"
    ]
  },
  {
    "value": "GEN150",
    "synonyms": [
      "GEN150"
    ]
  },
  {
    "value": "GEN195",
    "synonyms": [
      "GEN195"
    ]
  },
  {
    "value": "ISL135",
    "synonyms": [
      "ISL135"
    ]
  },
  {
    "value": "ENG145",
    "synonyms": [
      "ENG145"
    ]
  },
  {
    "value": "ARA130",
    "synonyms": [
      "ARA130"
    ]
  },
  {
    "value": "MTH215",
    "synonyms": [
      "MTH215"
    ]
  },
  {
    "value": "ADV101",
    "synonyms": [
      "ADV101"
    ]
  },
  {
    "value": "ENG240",
    "synonyms": [
      "ENG240"
    ]
  },
  {
    "value": "GEN110",
    "synonyms": [
      "GEN110"
    ]
  },
  {
    "value": "GEN120",
    "synonyms": [
      "GEN120"
    ]
  },
  {
    "value": "GEN140",
    "synonyms": [
      "GEN140"
    ]
  },
  {
    "value": "GEN145",
    "synonyms": [
      "GEN145"
    ]
  },
  {
    "value": "GEN175",
    "synonyms": [
      "GEN175"
    ]
  },
  {
    "value": "GEN185",
    "synonyms": [
      "GEN185"
    ]
  },
  {
    "value": "HSS255",
    "synonyms": [
      "HSS255"
    ]
  },
  {
    "value": "GEN220",
    "synonyms": [
      "GEN220"
    ]
  },
  {
    "value": "SWE225",
    "synonyms": [
      "SWE225"
    ]
  },
  {
    "value": "SEC235",
    "synonyms": [
      "SEC235"
    ]
  },
  {
    "value": "CIT365",
    "synonyms": [
      "CIT365"
    ]
  },
  {
    "value": "MTH281",
    "synonyms": [
      "MTH281"
    ]
  },
  {
    "value": "NET256",
    "synonyms": [
      "NET256"
    ]
  },
  {
    "value": "NET257",
    "synonyms": [
      "NET257"
    ]
  },
  {
    "value": "CIT300",
    "synonyms": [
      "CIT300"
    ]
  }
]