[
  {
    "value": "([A-Z]{2}-)([0-9]{3})",
    "synonyms": [
      "([A-Z]{2}-)([0-9]{3})"
    ]
  },
  {
    "value": "[A-z]{1,3}",
    "synonyms": [
      "[A-z]{1,3}"
    ]
  },
  {
    "value": "[A-z]{1,3}-[A-z]{1,2}",
    "synonyms": [
      "[A-z]{1,3}-[A-z]{1,2}"
    ]
  },
  {
    "value": "[A-z]{1,3}-[A-z]{1,2}-[0-9]{1,4}",
    "synonyms": [
      "[A-z]{1,3}-[A-z]{1,2}-[0-9]{1,4}"
    ]
  },
  {
    "value": "[A-z]{1,3}-[A-z]{1,2}-[0-9]{1,4}-[0-9]{1,5}-[0-9]{1,6}",
    "synonyms": [
      "[A-z]{1,3}-[A-z]{1,2}-[0-9]{1,4}-[0-9]{1,5}-[0-9]{1,6}"
    ]
  },
  {
    "value": "[A-Z]{2}-[0-9]{3}",
    "synonyms": [
      "[A-Z]{2}-[0-9]{3}"
    ]
  }
]