[
  {
    "id": "604cb889-3948-430c-b8e3-97a3fab59245",
    "data": [
      {
        "text": "The professor does not give sufficient comments to learners",
        "userDefined": false
      }
    ],
    "isTemplate": false,
    "count": 0,
    "lang": "en",
    "updated": 0
  },
  {
    "id": "f03b70dd-42f5-4aad-8d4c-c3b9657d0320",
    "data": [
      {
        "text": "the professor does not provide enough feedback to learners after the assessment?",
        "userDefined": false
      }
    ],
    "isTemplate": false,
    "count": 0,
    "lang": "en",
    "updated": 0
  },
  {
    "id": "245afc39-63ac-4aa3-b250-75d55516aa0b",
    "data": [
      {
        "text": "the instructor doesn\u0027t provide effective feedback to students after assessments",
        "userDefined": false
      }
    ],
    "isTemplate": false,
    "count": 0,
    "lang": "en",
    "updated": 0
  },
  {
    "id": "4ee858fc-fd4c-4b52-ba9a-d504584c9597",
    "data": [
      {
        "text": "The professor does not  give effective feedback to students",
        "userDefined": false
      }
    ],
    "isTemplate": false,
    "count": 0,
    "lang": "en",
    "updated": 0
  },
  {
    "id": "d3f7c5ab-afb4-4274-b60a-065f91f99430",
    "data": [
      {
        "text": "the instructor does not  give effective feedback to students",
        "userDefined": false
      }
    ],
    "isTemplate": false,
    "count": 0,
    "lang": "en",
    "updated": 0
  },
  {
    "id": "5578f7b5-5752-4429-b41e-58563a0b1b62",
    "data": [
      {
        "text": "the professor doesn\u0027t give clear feedback  on assessments",
        "userDefined": false
      }
    ],
    "isTemplate": false,
    "count": 0,
    "lang": "en",
    "updated": 0
  },
  {
    "id": "cc515b85-639b-4bbb-9869-cd0e9ea5aa07",
    "data": [
      {
        "text": "The",
        "userDefined": false
      },
      {
        "text": " instructor doesn\u0027",
        "userDefined": false
      },
      {
        "text": "t",
        "userDefined": false
      },
      {
        "text": " give detailed feedback ",
        "userDefined": false
      },
      {
        "text": "on",
        "userDefined": false
      },
      {
        "text": " assessments",
        "userDefined": false
      }
    ],
    "isTemplate": false,
    "count": 0,
    "lang": "en",
    "updated": 0
  }
]