[
  {
    "id": "30b88384-a50a-481b-b703-a2fd9c4876da",
    "data": [
      {
        "text": "I need your support as I have difficulty in understanding a course instructor",
        "userDefined": false
      }
    ],
    "isTemplate": false,
    "count": 0,
    "lang": "en",
    "updated": 0
  },
  {
    "id": "6c526132-64ea-41a1-a48b-d88f15eaf3ca",
    "data": [
      {
        "text": "it\u0027s a bit hard  for me to understand the professor",
        "userDefined": false
      }
    ],
    "isTemplate": false,
    "count": 0,
    "lang": "en",
    "updated": 0
  },
  {
    "id": "2714ad83-997f-4774-82d2-7c394e198eb1",
    "data": [
      {
        "text": "it\u0027s difficult for me to understand the instructor",
        "userDefined": false
      }
    ],
    "isTemplate": false,
    "count": 0,
    "lang": "en",
    "updated": 0
  },
  {
    "id": "2fba64bd-22b2-4ae1-b3c5-224515f5e425",
    "data": [
      {
        "text": "I cannot understand the instructor while he is talking",
        "userDefined": false
      }
    ],
    "isTemplate": false,
    "count": 0,
    "lang": "en",
    "updated": 0
  },
  {
    "id": "13685db3-5b53-4a7d-a749-3c45cf89e5a3",
    "data": [
      {
        "text": "The instructor uses difficult words that are not  easy to understand",
        "userDefined": false
      }
    ],
    "isTemplate": false,
    "count": 0,
    "lang": "en",
    "updated": 0
  },
  {
    "id": "e24add57-1efa-4fb1-997e-364c994202c9",
    "data": [
      {
        "text": "The",
        "userDefined": false
      },
      {
        "text": " instructor ",
        "userDefined": false
      },
      {
        "text": "has",
        "userDefined": false
      },
      {
        "text": " ",
        "userDefined": false
      },
      {
        "text": "an",
        "userDefined": false
      },
      {
        "text": " accent that\u0027s ",
        "userDefined": false
      },
      {
        "text": "not",
        "userDefined": false
      },
      {
        "text": "  easy ",
        "userDefined": false
      },
      {
        "text": "to",
        "userDefined": false
      },
      {
        "text": " understand",
        "userDefined": false
      }
    ],
    "isTemplate": false,
    "count": 0,
    "lang": "en",
    "updated": 0
  }
]