[
  {
    "id": "ccf94fd3-25a7-4fe8-80b3-0aecad029b24",
    "data": [
      {
        "text": "the professor  does not grab the attention of the audience while he is teaching",
        "userDefined": false
      }
    ],
    "isTemplate": false,
    "count": 0,
    "lang": "en",
    "updated": 0
  },
  {
    "id": "b6ee8e15-ce08-4c7e-bdbe-75f993b724d6",
    "data": [
      {
        "text": "The professor\u0027s learning style is boring",
        "userDefined": false
      }
    ],
    "isTemplate": false,
    "count": 0,
    "lang": "en",
    "updated": 0
  },
  {
    "id": "fff1dd82-12ab-4541-9203-ad39ca0d59ef",
    "data": [
      {
        "text": "The instructor\u0027s teaching style is not good",
        "userDefined": false
      }
    ],
    "isTemplate": false,
    "count": 0,
    "lang": "en",
    "updated": 0
  },
  {
    "id": "5280d277-2572-4b27-9354-15fc758b1cb1",
    "data": [
      {
        "text": "the professor does not have more experience in teaching.",
        "userDefined": false
      }
    ],
    "isTemplate": false,
    "count": 0,
    "lang": "en",
    "updated": 0
  },
  {
    "id": "c8725cbb-7971-44a4-8340-0144634be6d0",
    "data": [
      {
        "text": "the instructor does not grab the ",
        "userDefined": false
      },
      {
        "text": "audience",
        "userDefined": false
      },
      {
        "text": " while he is teaching",
        "userDefined": false
      }
    ],
    "isTemplate": false,
    "count": 0,
    "lang": "en",
    "updated": 0
  },
  {
    "id": "e65a206b-2be9-4324-965b-bbd241e22e35",
    "data": [
      {
        "text": "The",
        "userDefined": false
      },
      {
        "text": " instructor\u0027",
        "userDefined": false
      },
      {
        "text": "s",
        "userDefined": false
      },
      {
        "text": " teaching style ",
        "userDefined": false
      },
      {
        "text": "is",
        "userDefined": false
      },
      {
        "text": " ",
        "userDefined": false
      },
      {
        "text": "not",
        "userDefined": false
      },
      {
        "text": " effective",
        "userDefined": false
      }
    ],
    "isTemplate": false,
    "count": 0,
    "lang": "en",
    "updated": 0
  }
]