[
  {
    "id": "d333bde2-e672-44e7-872d-8793465cc4e3",
    "data": [
      {
        "text": "I want to do my internship, who can I consult",
        "userDefined": false
      }
    ],
    "isTemplate": false,
    "count": 0,
    "lang": "en",
    "updated": 0
  },
  {
    "id": "08e145df-e6af-4c3d-88a5-8367a677e3eb",
    "data": [
      {
        "text": "How can I enroll in the internship?",
        "userDefined": false
      }
    ],
    "isTemplate": false,
    "count": 0,
    "lang": "en",
    "updated": 0
  },
  {
    "id": "90fb76d7-144f-4ae4-a186-cd6f010008cd",
    "data": [
      {
        "text": "I want to enroll in an internship",
        "userDefined": false
      }
    ],
    "isTemplate": false,
    "count": 0,
    "lang": "en",
    "updated": 0
  },
  {
    "id": "30e8a1f6-a9e8-4148-a6c5-40c7e52b3152",
    "data": [
      {
        "text": "who should I contact regarding my internship info ?",
        "userDefined": false
      }
    ],
    "isTemplate": false,
    "count": 0,
    "lang": "en",
    "updated": 0
  },
  {
    "id": "214656f9-db5d-4ddc-87ed-41309849e00f",
    "data": [
      {
        "text": "internship info",
        "userDefined": false
      }
    ],
    "isTemplate": false,
    "count": 1,
    "lang": "en",
    "updated": 0
  },
  {
    "id": "6feabeb7-c063-49f5-a00e-1a4854d726d2",
    "data": [
      {
        "text": "Interenship info",
        "userDefined": false
      }
    ],
    "isTemplate": false,
    "count": 0,
    "lang": "en",
    "updated": 0
  },
  {
    "id": "96824567-2e4c-4a00-b804-e81ce60e9593",
    "data": [
      {
        "text": "Need information regarding internship",
        "userDefined": false
      }
    ],
    "isTemplate": false,
    "count": 0,
    "lang": "en",
    "updated": 0
  },
  {
    "id": "df568946-b567-4b82-984a-b1e17684389c",
    "data": [
      {
        "text": "Who",
        "userDefined": false
      },
      {
        "text": " should ",
        "userDefined": false
      },
      {
        "text": "I",
        "userDefined": false
      },
      {
        "text": " contact regarding Internship?",
        "userDefined": false
      }
    ],
    "isTemplate": false,
    "count": 0,
    "lang": "en",
    "updated": 0
  }
]