[
  {
    "id": "fa9bccb0-4ded-4b86-bc4b-b97baead71d7",
    "data": [
      {
        "text": "can I retake it while I am studying for my new major",
        "userDefined": false
      }
    ],
    "isTemplate": false,
    "count": 0,
    "lang": "en",
    "updated": 0
  },
  {
    "id": "6569e333-908f-4680-bc07-f3f8d0a613c5",
    "data": [
      {
        "text": "they are not in my new major, do I really need to retake these courses?",
        "userDefined": false
      }
    ],
    "isTemplate": false,
    "count": 0,
    "lang": "en",
    "updated": 0
  },
  {
    "id": "7e46c238-7937-4507-9c74-3e637043a1e8",
    "data": [
      {
        "text": "I will not take these courses  because they are not included in my new program",
        "userDefined": false
      }
    ],
    "isTemplate": false,
    "count": 0,
    "lang": "en",
    "updated": 0
  },
  {
    "id": "6bfe5472-54e4-4d54-80da-780c58e09b08",
    "data": [
      {
        "text": "I don\u0027t want to retake these courses as they are not in my new program",
        "userDefined": false
      }
    ],
    "isTemplate": false,
    "count": 0,
    "lang": "en",
    "updated": 0
  },
  {
    "id": "761c13a0-d52c-4bbd-b7ce-6204affa79c8",
    "data": [
      {
        "text": "I",
        "userDefined": false
      },
      {
        "text": " cannot retake courses because they ",
        "userDefined": false
      },
      {
        "text": "are",
        "userDefined": false
      },
      {
        "text": " ",
        "userDefined": false
      },
      {
        "text": "not",
        "userDefined": false
      },
      {
        "text": " ",
        "userDefined": false
      },
      {
        "text": "in",
        "userDefined": false
      },
      {
        "text": " ",
        "userDefined": false
      },
      {
        "text": "my",
        "userDefined": false
      },
      {
        "text": " ",
        "userDefined": false
      },
      {
        "text": "new",
        "userDefined": false
      },
      {
        "text": " major",
        "userDefined": false
      }
    ],
    "isTemplate": false,
    "count": 0,
    "lang": "en",
    "updated": 0
  }
]