[
  {
    "id": "a3b2afe5-1fbc-497d-b81a-5158f210097e",
    "data": [
      {
        "text": "The",
        "userDefined": false
      },
      {
        "text": " correct ",
        "userDefined": false
      },
      {
        "text": "ID",
        "userDefined": false
      },
      {
        "text": " ",
        "userDefined": false
      },
      {
        "text": "is",
        "userDefined": false
      },
      {
        "text": " ",
        "userDefined": false
      },
      {
        "text": "001",
        "meta": "@sys.number-sequence",
        "alias": "SID",
        "userDefined": true
      }
    ],
    "isTemplate": false,
    "count": 1,
    "lang": "en",
    "updated": 0
  },
  {
    "id": "40feca79-9d03-4cfc-aa5e-0d6bb359569b",
    "data": [
      {
        "text": "003",
        "meta": "@sys.number-sequence",
        "alias": "SID",
        "userDefined": true
      }
    ],
    "isTemplate": false,
    "count": 0,
    "lang": "en",
    "updated": 0
  },
  {
    "id": "854d272b-5c2a-46cd-9c35-942666b30f46",
    "data": [
      {
        "text": "it",
        "userDefined": false
      },
      {
        "text": " ",
        "userDefined": false
      },
      {
        "text": "002",
        "meta": "@sys.number-sequence",
        "alias": "SID",
        "userDefined": true
      }
    ],
    "isTemplate": false,
    "count": 0,
    "lang": "en",
    "updated": 0
  },
  {
    "id": "1b3434f7-e2d8-4fbf-a7ef-c042bb60edd9",
    "data": [
      {
        "text": "The",
        "userDefined": false
      },
      {
        "text": " student ",
        "userDefined": false
      },
      {
        "text": "ID",
        "userDefined": false
      },
      {
        "text": " ",
        "userDefined": false
      },
      {
        "text": "is",
        "userDefined": false
      },
      {
        "text": " ",
        "userDefined": false
      },
      {
        "text": "001",
        "meta": "@sys.number-sequence",
        "alias": "SID",
        "userDefined": true
      }
    ],
    "isTemplate": false,
    "count": 0,
    "lang": "en",
    "updated": 0
  }
]