[
  {
    "id": "887ff13d-b88b-4bb8-987b-17cad85a20bb",
    "data": [
      {
        "text": "Is it possible to be happy all the time while I study?",
        "userDefined": false
      }
    ],
    "isTemplate": false,
    "count": 0,
    "lang": "en",
    "updated": 0
  },
  {
    "id": "8692f9ad-7c39-494b-9753-504545d1096e",
    "data": [
      {
        "text": "What can I do to be happy always?",
        "userDefined": false
      }
    ],
    "isTemplate": false,
    "count": 0,
    "lang": "en",
    "updated": 0
  },
  {
    "id": "4bf94008-a63e-4349-8d04-c1aff4038de0",
    "data": [
      {
        "text": "I need help on how can I pass  perfect life while I\u0027m a student",
        "userDefined": false
      }
    ],
    "isTemplate": false,
    "count": 0,
    "lang": "en",
    "updated": 0
  },
  {
    "id": "18886807-ff5a-4337-a612-ed666761978d",
    "data": [
      {
        "text": "Could you please help me with how can I avoid stress while I am studying?",
        "userDefined": false
      }
    ],
    "isTemplate": false,
    "count": 0,
    "lang": "en",
    "updated": 0
  },
  {
    "id": "f089fbb6-d1b8-4fe7-ab9c-e1d0ee06d2bb",
    "data": [
      {
        "text": "please help me to provide trustworthy sources that can help me in my courses",
        "userDefined": false
      }
    ],
    "isTemplate": false,
    "count": 0,
    "lang": "en",
    "updated": 0
  },
  {
    "id": "46e880b3-ad71-4160-a0a1-fc4c07a68f79",
    "data": [
      {
        "text": "I need help with advising",
        "userDefined": false
      }
    ],
    "isTemplate": false,
    "count": 0,
    "lang": "en",
    "updated": 0
  },
  {
    "id": "4c8f6e48-6cd3-4e10-8aeb-44ab910a2c14",
    "data": [
      {
        "text": "I want a resource to help me with stress and anxiety especially in my exam",
        "userDefined": false
      }
    ],
    "isTemplate": false,
    "count": 0,
    "lang": "en",
    "updated": 0
  },
  {
    "id": "b8a11fcd-b0ec-4d59-9288-1b22ebc06768",
    "data": [
      {
        "text": "I",
        "userDefined": false
      },
      {
        "text": " would like resources ",
        "userDefined": false
      },
      {
        "text": "to",
        "userDefined": false
      },
      {
        "text": " help ",
        "userDefined": false
      },
      {
        "text": "me",
        "userDefined": false
      },
      {
        "text": " with stress ",
        "userDefined": false
      },
      {
        "text": "and",
        "userDefined": false
      },
      {
        "text": " issues ",
        "userDefined": false
      },
      {
        "text": "in",
        "userDefined": false
      },
      {
        "text": " ",
        "userDefined": false
      },
      {
        "text": "my",
        "userDefined": false
      },
      {
        "text": " life",
        "userDefined": false
      }
    ],
    "isTemplate": false,
    "count": 0,
    "lang": "en",
    "updated": 0
  }
]