[
  {
    "id": "0e908dac-b4a2-4465-a92b-cbe0b2672082",
    "data": [
      {
        "text": "his name is ",
        "userDefined": false
      },
      {
        "text": "Said",
        "meta": "@CheckName",
        "alias": "checkname",
        "userDefined": false
      }
    ],
    "isTemplate": false,
    "count": 0,
    "lang": "en",
    "updated": 0
  },
  {
    "id": "29de1c54-4a26-4978-92f8-0caac720a26e",
    "data": [
      {
        "text": "its ",
        "userDefined": false
      },
      {
        "text": "Shorouk",
        "meta": "@CheckName",
        "alias": "checkname",
        "userDefined": false
      }
    ],
    "isTemplate": false,
    "count": 0,
    "lang": "en",
    "updated": 0
  },
  {
    "id": "7ef87d0c-4f20-4547-bfb4-f3cf828de048",
    "data": [
      {
        "text": "her name is ",
        "userDefined": false
      },
      {
        "text": "Lama",
        "meta": "@CheckName",
        "alias": "checkname",
        "userDefined": false
      }
    ],
    "isTemplate": false,
    "count": 0,
    "lang": "en",
    "updated": 0
  },
  {
    "id": "ddbc917f-0532-4bd6-9fff-a80b4aa0824c",
    "data": [
      {
        "text": "it",
        "userDefined": false
      },
      {
        "text": " ",
        "userDefined": false
      },
      {
        "text": "is",
        "userDefined": false
      },
      {
        "text": " ",
        "userDefined": false
      },
      {
        "text": "Abdallah Tubaishat",
        "meta": "@CheckName",
        "alias": "checkname",
        "userDefined": false
      }
    ],
    "isTemplate": false,
    "count": 0,
    "lang": "en",
    "updated": 0
  },
  {
    "id": "8d3af7ab-f36f-406d-a45a-619335fbf9c7",
    "data": [
      {
        "text": "Maurice Danaher",
        "meta": "@CheckName",
        "alias": "checkname",
        "userDefined": false
      }
    ],
    "isTemplate": false,
    "count": 0,
    "lang": "en",
    "updated": 0
  },
  {
    "id": "e55d0238-f91f-48e5-87c2-a3e26a99c447",
    "data": [
      {
        "text": "Instructor ",
        "userDefined": false
      },
      {
        "text": "name",
        "userDefined": false
      },
      {
        "text": " ",
        "userDefined": false
      },
      {
        "text": "is",
        "userDefined": false
      },
      {
        "text": " ",
        "userDefined": false
      },
      {
        "text": "Amin Kuhail",
        "meta": "@CheckName",
        "alias": "checkname",
        "userDefined": false
      }
    ],
    "isTemplate": false,
    "count": 0,
    "lang": "en",
    "updated": 0
  }
]