[
  {
    "id": "4deb42c0-de1e-414a-ab34-3e02ff62b933",
    "data": [
      {
        "text": "bye",
        "meta": "@RegexE",
        "alias": "regexe",
        "userDefined": false
      }
    ],
    "isTemplate": false,
    "count": 0,
    "lang": "en",
    "updated": 0
  },
  {
    "id": "a2dfc7e0-171c-48d0-8bba-5e550c3d2b52",
    "data": [
      {
        "text": "Bye",
        "meta": "@RegexE",
        "alias": "regexe",
        "userDefined": false
      },
      {
        "text": "!",
        "userDefined": false
      }
    ],
    "isTemplate": false,
    "count": 0,
    "lang": "en",
    "updated": 0
  },
  {
    "id": "a639c91a-293d-4e8c-b6c6-be12f86d5bc0",
    "data": [
      {
        "text": "Good ",
        "userDefined": false
      },
      {
        "text": "bye",
        "meta": "@RegexE",
        "alias": "regexe",
        "userDefined": false
      },
      {
        "text": "!",
        "userDefined": false
      }
    ],
    "isTemplate": false,
    "count": 0,
    "lang": "en",
    "updated": 0
  },
  {
    "id": "4be8a025-0af1-4f2d-b2fd-ead0c61aeb8e",
    "data": [
      {
        "text": "See",
        "meta": "@RegexE",
        "alias": "regexe",
        "userDefined": false
      },
      {
        "text": " ",
        "userDefined": false
      },
      {
        "text": "you",
        "meta": "@RegexE",
        "alias": "regexe1",
        "userDefined": false
      },
      {
        "text": " later!",
        "userDefined": false
      }
    ],
    "isTemplate": false,
    "count": 0,
    "lang": "en",
    "updated": 0
  }
]