[
  {
    "id": "a37dff4a-c8eb-417a-a85d-7bed4dbfa657",
    "data": [
      {
        "text": "how",
        "userDefined": false
      },
      {
        "text": " many student clubs ",
        "userDefined": false
      },
      {
        "text": "ZU",
        "userDefined": false
      },
      {
        "text": " have ?",
        "userDefined": false
      }
    ],
    "isTemplate": false,
    "count": 0,
    "lang": "en",
    "updated": 0
  },
  {
    "id": "e9dc04b1-dfaf-4f27-81b8-45d1886fa062",
    "data": [
      {
        "text": "Need information about student club",
        "userDefined": false
      }
    ],
    "isTemplate": false,
    "count": 0,
    "lang": "en",
    "updated": 0
  },
  {
    "id": "6f69f44a-8f40-4bc4-b4fc-380028f0e588",
    "data": [
      {
        "text": "I",
        "userDefined": false
      },
      {
        "text": " want ",
        "userDefined": false
      },
      {
        "text": "to",
        "userDefined": false
      },
      {
        "text": " join ",
        "userDefined": false
      },
      {
        "text": "a",
        "userDefined": false
      },
      {
        "text": " student Club.",
        "userDefined": false
      }
    ],
    "isTemplate": false,
    "count": 0,
    "lang": "en",
    "updated": 0
  },
  {
    "id": "9fcbf4ed-cd89-4814-9d52-0b7c9b7255bc",
    "data": [
      {
        "text": "Where ",
        "userDefined": false
      },
      {
        "text": "can",
        "userDefined": false
      },
      {
        "text": " ",
        "userDefined": false
      },
      {
        "text": "I",
        "userDefined": false
      },
      {
        "text": " find information about student clubs?",
        "userDefined": false
      }
    ],
    "isTemplate": false,
    "count": 0,
    "lang": "en",
    "updated": 0
  }
]