[
  {
    "id": "b5a52c79-6f7b-4872-b963-d6c46f04d9a0",
    "data": [
      {
        "text": "big data analytics and application",
        "meta": "@Course",
        "alias": "pname",
        "userDefined": true
      }
    ],
    "isTemplate": false,
    "count": 0,
    "lang": "en",
    "updated": 0
  },
  {
    "id": "4250d42f-ca67-4f66-ba53-592b842d498f",
    "data": [
      {
        "text": "intro to staitical learning",
        "meta": "@Course",
        "alias": "pname",
        "userDefined": true
      }
    ],
    "isTemplate": false,
    "count": 0,
    "lang": "en",
    "updated": 0
  },
  {
    "id": "5a69cadb-16f4-416a-95cc-d982db60c698",
    "data": [
      {
        "text": "cs",
        "userDefined": false
      },
      {
        "text": "001",
        "meta": "@sys.number-sequence",
        "alias": "pid",
        "userDefined": false
      }
    ],
    "isTemplate": false,
    "count": 0,
    "lang": "en",
    "updated": 0
  },
  {
    "id": "b8bdfa7b-469a-4f3b-abe6-5c9632619356",
    "data": [
      {
        "text": "intro to statistical learning",
        "meta": "@Course",
        "alias": "pname",
        "userDefined": false
      }
    ],
    "isTemplate": false,
    "count": 0,
    "lang": "en",
    "updated": 0
  },
  {
    "id": "e2077358-da26-4d04-925f-a05c6f5bdf8c",
    "data": [
      {
        "text": "name of the course is ",
        "userDefined": false
      },
      {
        "text": "database management system",
        "meta": "@Course",
        "alias": "pname",
        "userDefined": true
      }
    ],
    "isTemplate": false,
    "count": 0,
    "lang": "en",
    "updated": 0
  },
  {
    "id": "87d6d497-5821-40c2-a895-be693fa8407a",
    "data": [
      {
        "text": "Course Id is CS",
        "userDefined": false
      },
      {
        "text": "001",
        "meta": "@sys.number-sequence",
        "alias": "pid",
        "userDefined": false
      }
    ],
    "isTemplate": false,
    "count": 0,
    "lang": "en",
    "updated": 0
  },
  {
    "id": "daf6d68c-ee1b-4fff-be02-bd3e3e78dbc1",
    "data": [
      {
        "text": "The course name is ",
        "userDefined": false
      },
      {
        "text": "Big Data analytics and application",
        "meta": "@Course",
        "alias": "pname",
        "userDefined": true
      }
    ],
    "isTemplate": false,
    "count": 0,
    "lang": "en",
    "updated": 0
  },
  {
    "id": "fe331be6-88f1-4568-a142-3224152e0097",
    "data": [
      {
        "text": "it is ",
        "userDefined": false
      },
      {
        "text": "CS-002",
        "meta": "@sys.number-sequence",
        "alias": "pid",
        "userDefined": true
      }
    ],
    "isTemplate": false,
    "count": 0,
    "lang": "en",
    "updated": 0
  },
  {
    "id": "099e6881-105f-41cf-8cd1-78b0984b6aa7",
    "data": [
      {
        "text": "it is ",
        "userDefined": false
      },
      {
        "text": "CS003",
        "meta": "@sys.number-sequence",
        "alias": "pid",
        "userDefined": true
      }
    ],
    "isTemplate": false,
    "count": 0,
    "lang": "en",
    "updated": 0
  },
  {
    "id": "26dcafe1-9d88-4a0a-a0fa-ebff20c04ca2",
    "data": [
      {
        "text": "intro to statical leaning",
        "meta": "@Course",
        "alias": "pname",
        "userDefined": true
      }
    ],
    "isTemplate": false,
    "count": 0,
    "lang": "en",
    "updated": 0
  }
]