[
  {
    "id": "cb11af7e-1b52-49db-9e0d-ad8cd053eed9",
    "data": [
      {
        "text": "Arabic Preparedness",
        "meta": "@Course",
        "alias": "CoName",
        "userDefined": false
      }
    ],
    "isTemplate": false,
    "count": 0,
    "lang": "en",
    "updated": 0
  },
  {
    "id": "9e0ba6ac-5eea-47cf-b34b-9fdf994c68ec",
    "data": [
      {
        "text": "Name",
        "userDefined": false
      },
      {
        "text": " ",
        "userDefined": false
      },
      {
        "text": "is",
        "userDefined": false
      },
      {
        "text": " ",
        "userDefined": false
      },
      {
        "text": "English Composition I",
        "meta": "@Course",
        "alias": "CoName",
        "userDefined": true
      }
    ],
    "isTemplate": false,
    "count": 0,
    "lang": "en",
    "updated": 0
  },
  {
    "id": "0d941588-59f0-4535-b471-879bbeaaa26e",
    "data": [
      {
        "text": "Database management system",
        "meta": "@Course",
        "alias": "CoName",
        "userDefined": true
      }
    ],
    "isTemplate": false,
    "count": 0,
    "lang": "en",
    "updated": 0
  },
  {
    "id": "0f58c6da-cfb1-48d9-b1a6-2a5411a7fa51",
    "data": [
      {
        "text": "it",
        "userDefined": false
      },
      {
        "text": " ",
        "userDefined": false
      },
      {
        "text": "is",
        "userDefined": false
      },
      {
        "text": " ",
        "userDefined": false
      },
      {
        "text": "Computer Network Technologies",
        "meta": "@Course",
        "alias": "CoName",
        "userDefined": true
      }
    ],
    "isTemplate": false,
    "count": 0,
    "lang": "en",
    "updated": 0
  },
  {
    "id": "29ef0cf5-6eae-4372-a4a7-bc01aaeef4b8",
    "data": [
      {
        "text": "The",
        "userDefined": false
      },
      {
        "text": " Course ",
        "userDefined": false
      },
      {
        "text": "name",
        "userDefined": false
      },
      {
        "text": " ",
        "userDefined": false
      },
      {
        "text": "is",
        "userDefined": false
      },
      {
        "text": " ",
        "userDefined": false
      },
      {
        "text": "Data analytics",
        "meta": "@Course",
        "alias": "CoName",
        "userDefined": true
      }
    ],
    "isTemplate": false,
    "count": 0,
    "lang": "en",
    "updated": 0
  },
  {
    "id": "c444d32c-0c90-45ba-bd26-383b6dfaa7de",
    "data": [
      {
        "text": "SWE225",
        "meta": "@CourseCode",
        "alias": "CoCode",
        "userDefined": true
      }
    ],
    "isTemplate": false,
    "count": 0,
    "lang": "en",
    "updated": 0
  },
  {
    "id": "57b75fc3-d018-46c4-b9d8-271224126e20",
    "data": [
      {
        "text": "The",
        "userDefined": false
      },
      {
        "text": " course code ",
        "userDefined": false
      },
      {
        "text": "is",
        "userDefined": false
      },
      {
        "text": " ",
        "userDefined": false
      },
      {
        "text": "MTH215",
        "meta": "@CourseCode",
        "alias": "CoCode",
        "userDefined": true
      }
    ],
    "isTemplate": false,
    "count": 0,
    "lang": "en",
    "updated": 0
  },
  {
    "id": "31b41dab-2b7b-459d-afc6-0a99e3bdac3c",
    "data": [
      {
        "text": "it",
        "userDefined": false
      },
      {
        "text": " ",
        "userDefined": false
      },
      {
        "text": "is",
        "userDefined": false
      },
      {
        "text": " ",
        "userDefined": false
      },
      {
        "text": "CIT210",
        "meta": "@CourseCode",
        "alias": "CoCode",
        "userDefined": true
      }
    ],
    "isTemplate": false,
    "count": 0,
    "lang": "en",
    "updated": 0
  }
]