[
  {
    "id": "3ee68fa5-58f4-4360-83de-0d9d3980f635",
    "data": [
      {
        "text": "Abdullah Tubaishat",
        "meta": "@CheckName",
        "alias": "CheckName",
        "userDefined": true
      }
    ],
    "isTemplate": false,
    "count": 0,
    "lang": "en",
    "updated": 0
  },
  {
    "id": "517e09d7-b17f-4781-8320-1cbafc85387e",
    "data": [
      {
        "text": "Zahid Awan",
        "meta": "@CheckName",
        "alias": "CheckName",
        "userDefined": true
      }
    ],
    "isTemplate": false,
    "count": 0,
    "lang": "en",
    "updated": 0
  },
  {
    "id": "8a236dc4-e2aa-485c-90fd-005dbd1c5793",
    "data": [
      {
        "text": "Ziad Adwan",
        "meta": "@CheckName",
        "alias": "CheckName",
        "userDefined": false
      }
    ],
    "isTemplate": false,
    "count": 0,
    "lang": "en",
    "updated": 0
  },
  {
    "id": "a512b4f8-a196-4b08-9d24-ac5358734421",
    "data": [
      {
        "text": "Fatima AlHarbi",
        "meta": "@CheckName",
        "alias": "CheckName",
        "userDefined": false
      }
    ],
    "isTemplate": false,
    "count": 0,
    "lang": "en",
    "updated": 0
  },
  {
    "id": "10847341-5c52-447d-8e7c-bc2394ce5ce3",
    "data": [
      {
        "text": "Sujith Mathew",
        "meta": "@CheckName",
        "alias": "CheckName",
        "userDefined": false
      }
    ],
    "isTemplate": false,
    "count": 0,
    "lang": "en",
    "updated": 0
  },
  {
    "id": "6838925b-fb68-419f-ab32-4eb051eb9605",
    "data": [
      {
        "text": "Muna Bader",
        "meta": "@CheckName",
        "alias": "CheckName",
        "userDefined": false
      }
    ],
    "isTemplate": false,
    "count": 0,
    "lang": "en",
    "updated": 0
  },
  {
    "id": "357b9533-27fa-4fb0-9874-8c411fff4930",
    "data": [
      {
        "text": "Abdallah Tubaishat",
        "meta": "@CheckName",
        "alias": "CheckName",
        "userDefined": false
      }
    ],
    "isTemplate": false,
    "count": 0,
    "lang": "en",
    "updated": 0
  },
  {
    "id": "f0e60460-c993-45ec-816f-c508b0b6edc2",
    "data": [
      {
        "text": "Muhammad Younis",
        "meta": "@CheckName",
        "alias": "CheckName",
        "userDefined": false
      }
    ],
    "isTemplate": false,
    "count": 0,
    "lang": "en",
    "updated": 0
  }
]