[
  {
    "id": "8d55f9b6-c5ba-403a-801b-d112851d271e",
    "data": [
      {
        "text": "SWE320",
        "meta": "@CourseCode",
        "alias": "CoCode",
        "userDefined": true
      }
    ],
    "isTemplate": false,
    "count": 0,
    "lang": "en",
    "updated": 0
  },
  {
    "id": "d36ae656-439b-4c65-90df-65b568764cd5",
    "data": [
      {
        "text": "SWE225",
        "meta": "@CourseCode",
        "alias": "CoCode",
        "userDefined": false
      }
    ],
    "isTemplate": false,
    "count": 0,
    "lang": "en",
    "updated": 0
  },
  {
    "id": "b80405a6-144e-4fd4-90d0-f80e1ed57541",
    "data": [
      {
        "text": "Course ",
        "userDefined": false
      },
      {
        "text": "ID",
        "userDefined": false
      },
      {
        "text": " ",
        "userDefined": false
      },
      {
        "text": "is",
        "userDefined": false
      },
      {
        "text": "  ",
        "userDefined": false
      },
      {
        "text": "SWE245",
        "meta": "@CourseCode",
        "alias": "CoCode",
        "userDefined": true
      }
    ],
    "isTemplate": false,
    "count": 0,
    "lang": "en",
    "updated": 0
  },
  {
    "id": "b784f85b-379e-47a2-8597-c12db3127c1e",
    "data": [
      {
        "text": "Course ",
        "userDefined": false
      },
      {
        "text": "name",
        "userDefined": false
      },
      {
        "text": " ",
        "userDefined": false
      },
      {
        "text": "is",
        "userDefined": false
      },
      {
        "text": "  ",
        "userDefined": false
      },
      {
        "text": "Database management system",
        "meta": "@Course",
        "alias": "CoName",
        "userDefined": true
      }
    ],
    "isTemplate": false,
    "count": 0,
    "lang": "en",
    "updated": 0
  },
  {
    "id": "a9c53990-ee6d-4eed-a2a4-11fe299eb1f5",
    "data": [
      {
        "text": "Happiness, Positivity and Wellbeing",
        "meta": "@Course",
        "alias": "CoName",
        "userDefined": true
      }
    ],
    "isTemplate": false,
    "count": 0,
    "lang": "en",
    "updated": 0
  },
  {
    "id": "c67c11f6-9a96-40a8-a609-fd6c9acdfcd8",
    "data": [
      {
        "text": "It",
        "userDefined": false
      },
      {
        "text": " ",
        "userDefined": false
      },
      {
        "text": "is",
        "userDefined": false
      },
      {
        "text": " ",
        "userDefined": false
      },
      {
        "text": "CIT210",
        "meta": "@CourseCode",
        "alias": "CoCode",
        "userDefined": true
      }
    ],
    "isTemplate": false,
    "count": 0,
    "lang": "en",
    "updated": 0
  }
]