[
  {
    "id": "da4a40bb-602e-4744-8fd0-42d3967102e8",
    "data": [
      {
        "text": "I don\u0027t like my teacher",
        "userDefined": false
      }
    ],
    "isTemplate": false,
    "count": 0,
    "lang": "en",
    "updated": 0
  },
  {
    "id": "7d13250b-e51e-4cfb-991d-27f7a36bcb81",
    "data": [
      {
        "text": "I don\u0027t like my instructor",
        "userDefined": false
      }
    ],
    "isTemplate": false,
    "count": 0,
    "lang": "en",
    "updated": 0
  },
  {
    "id": "eefa223d-eec6-41ca-a3bc-509e73e99f61",
    "data": [
      {
        "text": "I don\u0027t like a certain teacher",
        "userDefined": false
      }
    ],
    "isTemplate": false,
    "count": 0,
    "lang": "en",
    "updated": 0
  },
  {
    "id": "637db515-a69c-443a-a5c6-648c15ea89ad",
    "data": [
      {
        "text": "I don\u0027t like a certain instructor",
        "userDefined": false
      }
    ],
    "isTemplate": false,
    "count": 0,
    "lang": "en",
    "updated": 0
  },
  {
    "id": "0205e162-206e-4337-9515-b5fdb46cfcbd",
    "data": [
      {
        "text": "I have an issue with a certain instructor, and it is affecting my performance.",
        "userDefined": false
      }
    ],
    "isTemplate": false,
    "count": 0,
    "lang": "en",
    "updated": 0
  },
  {
    "id": "6b6728ce-3b10-4d22-9898-7ccb6c2bdd3f",
    "data": [
      {
        "text": "I\u0027m not okay with my teacher",
        "userDefined": false
      }
    ],
    "isTemplate": false,
    "count": 0,
    "lang": "en",
    "updated": 0
  },
  {
    "id": "9a730c0f-0995-40e7-83d8-d1f34ff844eb",
    "data": [
      {
        "text": "I have a problem with my teacher",
        "userDefined": false
      }
    ],
    "isTemplate": false,
    "count": 0,
    "lang": "en",
    "updated": 0
  },
  {
    "id": "1aeafc14-4f28-46b3-8fd1-2912feb943b1",
    "data": [
      {
        "text": "I am not good with my instructor",
        "userDefined": false
      }
    ],
    "isTemplate": false,
    "count": 0,
    "lang": "en",
    "updated": 0
  },
  {
    "id": "71f45529-616a-4ce1-8940-aaf22f4284a4",
    "data": [
      {
        "text": "I am not okay with my professor",
        "userDefined": false
      }
    ],
    "isTemplate": false,
    "count": 0,
    "lang": "en",
    "updated": 0
  },
  {
    "id": "8b69d2da-2d26-41ab-b144-43454cab2f5b",
    "data": [
      {
        "text": "conflict with my instructor",
        "userDefined": false
      }
    ],
    "isTemplate": false,
    "count": 0,
    "lang": "en",
    "updated": 0
  },
  {
    "id": "46415271-c8a1-4cae-9166-bf78caab3c03",
    "data": [
      {
        "text": "I have some conflict with my professor",
        "userDefined": false
      }
    ],
    "isTemplate": false,
    "count": 0,
    "lang": "en",
    "updated": 0
  },
  {
    "id": "8d9876e3-c0c8-4a56-8ea9-82c971c56498",
    "data": [
      {
        "text": "I have some difficulty with my instructor",
        "userDefined": false
      }
    ],
    "isTemplate": false,
    "count": 0,
    "lang": "en",
    "updated": 0
  },
  {
    "id": "1dce2b45-3d71-4bbe-b606-cdecd5b6e7ca",
    "data": [
      {
        "text": "I",
        "userDefined": false
      },
      {
        "text": " have some problems with ",
        "userDefined": false
      },
      {
        "text": "my",
        "userDefined": false
      },
      {
        "text": " instructor",
        "userDefined": false
      }
    ],
    "isTemplate": false,
    "count": 0,
    "lang": "en",
    "updated": 0
  }
]