[
  {
    "id": "442f22d2-5d26-43dc-a71d-68d3e7e97320",
    "data": [
      {
        "text": "most of the time, we do not receive any response from the instructor.",
        "userDefined": false
      }
    ],
    "isTemplate": false,
    "count": 0,
    "lang": "en",
    "updated": 0
  },
  {
    "id": "aafacd7e-4260-432a-a0c2-a675f8976ee9",
    "data": [
      {
        "text": "we do not receive any replay email from the professor",
        "userDefined": false
      }
    ],
    "isTemplate": false,
    "count": 0,
    "lang": "en",
    "updated": 0
  },
  {
    "id": "a59083fe-0888-4012-b403-044e8163300f",
    "data": [
      {
        "text": "the instructor does not answer our emails",
        "userDefined": false
      }
    ],
    "isTemplate": false,
    "count": 0,
    "lang": "en",
    "updated": 0
  },
  {
    "id": "451ccb5c-d4d4-41ce-831e-e91a22b24711",
    "data": [
      {
        "text": "the professor has not a response habit to our emails",
        "userDefined": false
      }
    ],
    "isTemplate": false,
    "count": 0,
    "lang": "en",
    "updated": 0
  },
  {
    "id": "850cea17-8a56-4ae5-9dbd-230da50bfcc1",
    "data": [
      {
        "text": "the instructor does not replay to our emails",
        "userDefined": false
      }
    ],
    "isTemplate": false,
    "count": 0,
    "lang": "en",
    "updated": 0
  },
  {
    "id": "bc380252-3ced-4b46-b8f8-b52e8317068d",
    "data": [
      {
        "text": "The",
        "userDefined": false
      },
      {
        "text": " instructor doesn\u0027",
        "userDefined": false
      },
      {
        "text": "t",
        "userDefined": false
      },
      {
        "text": " respond ",
        "userDefined": false
      },
      {
        "text": "to",
        "userDefined": false
      },
      {
        "text": " ",
        "userDefined": false
      },
      {
        "text": "our",
        "userDefined": false
      },
      {
        "text": " emails",
        "userDefined": false
      }
    ],
    "isTemplate": false,
    "count": 0,
    "lang": "en",
    "updated": 0
  }
]