[
  {
    "id": "d6a2deb0-1cc7-4e97-bf36-95042289460d",
    "data": [
      {
        "text": "the instructor ",
        "userDefined": false
      },
      {
        "text": "seems",
        "userDefined": true
      },
      {
        "text": " to be not an optimistic professional.",
        "userDefined": false
      }
    ],
    "isTemplate": false,
    "count": 0,
    "lang": "en",
    "updated": 0
  },
  {
    "id": "4e2372e3-538d-450c-9d03-a26bd2f86a2a",
    "data": [
      {
        "text": "most of the time, the instructor replays me in a negative way",
        "userDefined": false
      }
    ],
    "isTemplate": false,
    "count": 0,
    "lang": "en",
    "updated": 0
  },
  {
    "id": "193e1134-3154-496b-82ed-d8b077a687b4",
    "data": [
      {
        "text": "The professor underestimates me if I ask him about the activity.",
        "userDefined": false
      }
    ],
    "isTemplate": false,
    "count": 0,
    "lang": "en",
    "updated": 0
  },
  {
    "id": "72c81864-fd93-486c-b1d8-d2a98dbcb71d",
    "data": [
      {
        "text": "the instructor mostly uses negative language",
        "userDefined": false
      }
    ],
    "isTemplate": false,
    "count": 0,
    "lang": "en",
    "updated": 0
  },
  {
    "id": "da55491a-c095-4aa2-922b-d3f8342cb044",
    "data": [
      {
        "text": "The",
        "userDefined": false
      },
      {
        "text": " instructor ",
        "userDefined": false
      },
      {
        "text": "is",
        "userDefined": false
      },
      {
        "text": " rude ",
        "userDefined": false
      },
      {
        "text": "or",
        "userDefined": false
      },
      {
        "text": " doesn\u0027",
        "userDefined": false
      },
      {
        "text": "t",
        "userDefined": false
      },
      {
        "text": " ",
        "userDefined": false
      },
      {
        "text": "use",
        "userDefined": false
      },
      {
        "text": " encouraging/positive language",
        "userDefined": false
      }
    ],
    "isTemplate": false,
    "count": 0,
    "lang": "en",
    "updated": 0
  }
]