[
  {
    "id": "6b69a4d5-661f-400f-84cf-31936e249376",
    "data": [
      {
        "text": "I need to retake with different instructor",
        "userDefined": false
      }
    ],
    "isTemplate": false,
    "count": 0,
    "lang": "en",
    "updated": 0
  },
  {
    "id": "de5dc14d-d22e-48c8-9786-27b0dd8bb57e",
    "data": [
      {
        "text": "I will retake with another teacher",
        "userDefined": false
      }
    ],
    "isTemplate": false,
    "count": 0,
    "lang": "en",
    "updated": 0
  },
  {
    "id": "a6936a45-8f40-4336-8569-f85569a682aa",
    "data": [
      {
        "text": "I will retake with a different professor",
        "userDefined": false
      }
    ],
    "isTemplate": false,
    "count": 0,
    "lang": "en",
    "updated": 0
  },
  {
    "id": "e914befd-d34c-4887-b4b2-c9b136877a2c",
    "data": [
      {
        "text": "I would like to take again with a different instructor",
        "userDefined": false
      }
    ],
    "isTemplate": false,
    "count": 0,
    "lang": "en",
    "updated": 0
  },
  {
    "id": "ce237c77-f04d-4f41-b4e2-9fc261e5e192",
    "data": [
      {
        "text": "I prefer to retake with another instructor",
        "userDefined": false
      }
    ],
    "isTemplate": false,
    "count": 0,
    "lang": "en",
    "updated": 0
  },
  {
    "id": "6ac7653d-97d5-4cc2-ae22-2d789d701375",
    "data": [
      {
        "text": "I want to retake it with another professor",
        "userDefined": false
      }
    ],
    "isTemplate": false,
    "count": 0,
    "lang": "en",
    "updated": 0
  },
  {
    "id": "797d7576-9bea-48d4-95f1-690a6f567729",
    "data": [
      {
        "text": "I want to retake it with a certain professor",
        "userDefined": false
      }
    ],
    "isTemplate": false,
    "count": 0,
    "lang": "en",
    "updated": 0
  }
]