[
  {
    "id": "5352e2ed-32c2-4a31-85bc-0b79ca97da9e",
    "data": [
      {
        "text": "How can I increase my CGPA",
        "userDefined": false
      }
    ],
    "isTemplate": false,
    "count": 0,
    "lang": "en",
    "updated": 0
  },
  {
    "id": "840504a3-6cd9-4d40-a192-e95fdfa76dfa",
    "data": [
      {
        "text": "How can I increase my GPA",
        "userDefined": false
      }
    ],
    "isTemplate": false,
    "count": 0,
    "lang": "en",
    "updated": 0
  },
  {
    "id": "d823ce2d-66d4-481f-9e87-f6dde0222664",
    "data": [
      {
        "text": "I need help with my GPA",
        "userDefined": false
      }
    ],
    "isTemplate": false,
    "count": 0,
    "lang": "en",
    "updated": 0
  },
  {
    "id": "3d4a3b13-c337-4b84-bdeb-2d4d98cb17b4",
    "data": [
      {
        "text": "no I mean my gpa is low",
        "userDefined": false
      }
    ],
    "isTemplate": false,
    "count": 0,
    "lang": "en",
    "updated": 0
  },
  {
    "id": "8ea1daf9-38fc-4c64-8c0e-5953ed1a0acf",
    "data": [
      {
        "text": "no I mean I need help with my low GPA",
        "userDefined": false
      }
    ],
    "isTemplate": false,
    "count": 0,
    "lang": "en",
    "updated": 0
  },
  {
    "id": "f8e24d5c-ea38-4744-9f0b-d7c506901fac",
    "data": [
      {
        "text": "how can I improve my ",
        "userDefined": false
      },
      {
        "text": "grade?",
        "userDefined": true
      }
    ],
    "isTemplate": false,
    "count": 0,
    "lang": "en",
    "updated": 0
  },
  {
    "id": "bc546215-cb3d-4688-86cd-05186fc4d729",
    "data": [
      {
        "text": "how can I improve my ",
        "userDefined": false
      },
      {
        "text": "score?",
        "userDefined": true
      }
    ],
    "isTemplate": false,
    "count": 0,
    "lang": "en",
    "updated": 0
  },
  {
    "id": "1abae3ff-63fe-40ef-b6a2-cae1e1f2de73",
    "data": [
      {
        "text": "I want to improve my ",
        "userDefined": false
      },
      {
        "text": "grade",
        "userDefined": true
      }
    ],
    "isTemplate": false,
    "count": 0,
    "lang": "en",
    "updated": 0
  },
  {
    "id": "c9b9150a-a40e-4c18-9429-95516c0083d0",
    "data": [
      {
        "text": "i have a low score",
        "userDefined": false
      }
    ],
    "isTemplate": false,
    "count": 0,
    "lang": "en",
    "updated": 0
  },
  {
    "id": "eb20ae2e-ece7-4a64-a6ea-1f3bf406d804",
    "data": [
      {
        "text": "I have a low grade",
        "userDefined": false
      }
    ],
    "isTemplate": false,
    "count": 0,
    "lang": "en",
    "updated": 0
  },
  {
    "id": "8132750f-5815-4039-8ec2-4417ed34b6a1",
    "data": [
      {
        "text": "what should I do in order to improve my GPA",
        "userDefined": false
      }
    ],
    "isTemplate": false,
    "count": 0,
    "lang": "en",
    "updated": 0
  },
  {
    "id": "ae84cf3b-d75f-48db-ae12-37cbba27deee",
    "data": [
      {
        "text": "what do I need to improve my ",
        "userDefined": false
      },
      {
        "text": "GPA?",
        "userDefined": true
      }
    ],
    "isTemplate": false,
    "count": 0,
    "lang": "en",
    "updated": 0
  },
  {
    "id": "3bd7ded6-a416-4eb9-88a1-bd5a37c4495a",
    "data": [
      {
        "text": "I want to improve my GPA",
        "userDefined": false
      }
    ],
    "isTemplate": false,
    "count": 0,
    "lang": "en",
    "updated": 0
  },
  {
    "id": "eee8d079-a3ca-4705-a2c4-419c0823cdc4",
    "data": [
      {
        "text": "How",
        "userDefined": false
      },
      {
        "text": " ",
        "userDefined": false
      },
      {
        "text": "can",
        "userDefined": false
      },
      {
        "text": " ",
        "userDefined": false
      },
      {
        "text": "I",
        "userDefined": false
      },
      {
        "text": " improve ",
        "userDefined": false
      },
      {
        "text": "my",
        "userDefined": false
      },
      {
        "text": " ",
        "userDefined": false
      },
      {
        "text": "GPA",
        "userDefined": false
      },
      {
        "text": "?",
        "userDefined": false
      }
    ],
    "isTemplate": false,
    "count": 0,
    "lang": "en",
    "updated": 0
  },
  {
    "id": "dedd106d-e41f-4642-98dc-4bbbbec64763",
    "data": [
      {
        "text": "I",
        "userDefined": false
      },
      {
        "text": " ",
        "userDefined": false
      },
      {
        "text": "am",
        "userDefined": false
      },
      {
        "text": " suffering from ",
        "userDefined": false
      },
      {
        "text": "low",
        "userDefined": false
      },
      {
        "text": " performance",
        "userDefined": false
      }
    ],
    "isTemplate": false,
    "count": 0,
    "lang": "en",
    "updated": 0
  },
  {
    "id": "e7d1b9a1-d0e4-4f71-9889-023ec34b871e",
    "data": [
      {
        "text": "I",
        "userDefined": false
      },
      {
        "text": " need ",
        "userDefined": false
      },
      {
        "text": "a",
        "userDefined": false
      },
      {
        "text": " ",
        "userDefined": false
      },
      {
        "text": "way",
        "userDefined": false
      },
      {
        "text": " ",
        "userDefined": false
      },
      {
        "text": "to",
        "userDefined": false
      },
      {
        "text": " raise ",
        "userDefined": false
      },
      {
        "text": "my",
        "userDefined": false
      },
      {
        "text": " ",
        "userDefined": false
      },
      {
        "text": "GPA",
        "userDefined": false
      }
    ],
    "isTemplate": false,
    "count": 0,
    "lang": "en",
    "updated": 0
  },
  {
    "id": "5c3e8f1a-1118-4eb0-ad91-d5afa44a6ece",
    "data": [
      {
        "text": "My",
        "userDefined": false
      },
      {
        "text": " ",
        "userDefined": false
      },
      {
        "text": "GPA",
        "userDefined": false
      },
      {
        "text": " ",
        "userDefined": false
      },
      {
        "text": "is",
        "userDefined": false
      },
      {
        "text": " below ",
        "userDefined": false
      },
      {
        "text": "2",
        "userDefined": false
      }
    ],
    "isTemplate": false,
    "count": 0,
    "lang": "en",
    "updated": 0
  }
]