[
  {
    "id": "2fb14c0b-bde0-4710-81ed-ffe7b6561919",
    "data": [
      {
        "text": "Idris Ali",
        "meta": "@CheckName",
        "alias": "checkname",
        "userDefined": false
      }
    ],
    "isTemplate": false,
    "count": 0,
    "lang": "en",
    "updated": 0
  },
  {
    "id": "0354d136-ae57-4129-a488-4761ea260dbe",
    "data": [
      {
        "text": "amin ahmed",
        "meta": "@CheckName",
        "alias": "checkname",
        "userDefined": false
      }
    ],
    "isTemplate": false,
    "count": 0,
    "lang": "en",
    "updated": 0
  },
  {
    "id": "8a1917b3-0a02-49a3-98c7-6e76aee46ca9",
    "data": [
      {
        "text": "its ",
        "userDefined": false
      },
      {
        "text": "Shorouk",
        "meta": "@CheckName",
        "alias": "checkname",
        "userDefined": true
      }
    ],
    "isTemplate": false,
    "count": 0,
    "lang": "en",
    "updated": 0
  },
  {
    "id": "2f4a961e-c6c7-4917-b70d-542b9e4019af",
    "data": [
      {
        "text": "his name is ",
        "userDefined": false
      },
      {
        "text": "Said",
        "meta": "@CheckName",
        "alias": "checkname",
        "userDefined": false
      }
    ],
    "isTemplate": false,
    "count": 0,
    "lang": "en",
    "updated": 0
  },
  {
    "id": "b4b2468c-b950-4755-944f-9bcdb5f2f9dd",
    "data": [
      {
        "text": "its ",
        "userDefined": false
      },
      {
        "text": "Lama",
        "meta": "@CheckName",
        "alias": "checkname",
        "userDefined": false
      }
    ],
    "isTemplate": false,
    "count": 0,
    "lang": "en",
    "updated": 0
  },
  {
    "id": "da78b7a4-327f-4495-b868-6c518e2e5caf",
    "data": [
      {
        "text": "Matt Johnson",
        "meta": "@CheckName",
        "alias": "checkname",
        "userDefined": true
      }
    ],
    "isTemplate": false,
    "count": 0,
    "lang": "en",
    "updated": 0
  },
  {
    "id": "419434c7-a5dd-4119-aa0f-29b9a867267e",
    "data": [
      {
        "text": "The",
        "userDefined": false
      },
      {
        "text": " instructor ",
        "userDefined": false
      },
      {
        "text": "name",
        "userDefined": false
      },
      {
        "text": " ",
        "userDefined": false
      },
      {
        "text": "is",
        "userDefined": false
      },
      {
        "text": " ",
        "userDefined": false
      },
      {
        "text": "Amin Kuhail",
        "meta": "@CheckName",
        "alias": "checkname",
        "userDefined": true
      }
    ],
    "isTemplate": false,
    "count": 0,
    "lang": "en",
    "updated": 0
  },
  {
    "id": "597729e4-d196-4e21-a805-3f57f0116a05",
    "data": [
      {
        "text": "Jawad Shah",
        "meta": "@CheckName",
        "alias": "checkname",
        "userDefined": false
      }
    ],
    "isTemplate": false,
    "count": 0,
    "lang": "en",
    "updated": 0
  },
  {
    "id": "4469ef12-3278-472b-bdff-4618bf2bcf98",
    "data": [
      {
        "text": "Maurice Danaher",
        "meta": "@CheckName",
        "alias": "checkname",
        "userDefined": false
      }
    ],
    "isTemplate": false,
    "count": 0,
    "lang": "en",
    "updated": 0
  },
  {
    "id": "da3c214b-f677-471c-ad6c-a2b6f6d85ea9",
    "data": [
      {
        "text": "it",
        "userDefined": false
      },
      {
        "text": " ",
        "userDefined": false
      },
      {
        "text": "is",
        "userDefined": false
      },
      {
        "text": " ",
        "userDefined": false
      },
      {
        "text": "Abdallah Tubaishat",
        "meta": "@CheckName",
        "alias": "checkname",
        "userDefined": false
      }
    ],
    "isTemplate": false,
    "count": 0,
    "lang": "en",
    "updated": 0
  }
]