[
  {
    "id": "c98e4c3b-7dc7-4328-8a6a-e2aa98346b23",
    "data": [
      {
        "text": "course id is CS",
        "userDefined": false
      },
      {
        "text": "002",
        "meta": "@sys.number-sequence",
        "alias": "COIDI",
        "userDefined": false
      }
    ],
    "isTemplate": false,
    "count": 0,
    "lang": "en",
    "updated": 0
  },
  {
    "id": "faf18c33-e329-4c13-a622-050267457740",
    "data": [
      {
        "text": "Id is cs",
        "userDefined": false
      },
      {
        "text": "001",
        "meta": "@sys.number-sequence",
        "alias": "COIDI",
        "userDefined": false
      }
    ],
    "isTemplate": false,
    "count": 0,
    "lang": "en",
    "updated": 0
  },
  {
    "id": "2528f583-a376-4f38-a380-1e229039a12a",
    "data": [
      {
        "text": "big data analytics and application",
        "meta": "@Course",
        "alias": "CONameI",
        "userDefined": true
      }
    ],
    "isTemplate": false,
    "count": 0,
    "lang": "en",
    "updated": 0
  },
  {
    "id": "9885f390-5d44-468f-8484-273c90615fa8",
    "data": [
      {
        "text": " ",
        "userDefined": false
      },
      {
        "text": "intro to statistical learning",
        "meta": "@Course",
        "alias": "CONameI",
        "userDefined": true
      }
    ],
    "isTemplate": false,
    "count": 0,
    "lang": "en",
    "updated": 0
  },
  {
    "id": "ef776121-57fc-409a-8a6b-095a2fa40e1c",
    "data": [
      {
        "text": "The course name is ",
        "userDefined": false
      },
      {
        "text": "Database management System",
        "meta": "@Course",
        "alias": "CONameI",
        "userDefined": true
      }
    ],
    "isTemplate": false,
    "count": 0,
    "lang": "en",
    "updated": 0
  },
  {
    "id": "4a6bd548-2835-405c-9456-5a50155d4c27",
    "data": [
      {
        "text": "cs",
        "userDefined": false
      },
      {
        "text": "002",
        "meta": "@sys.number-sequence",
        "alias": "COIDI",
        "userDefined": false
      }
    ],
    "isTemplate": false,
    "count": 0,
    "lang": "en",
    "updated": 0
  },
  {
    "id": "f7aa48c1-2ee1-40c4-89da-61597e831a3e",
    "data": [
      {
        "text": "CS001",
        "meta": "@sys.number-sequence",
        "alias": "COIDI",
        "userDefined": true
      }
    ],
    "isTemplate": false,
    "count": 0,
    "lang": "en",
    "updated": 0
  },
  {
    "id": "e825e15c-c23e-4664-a146-660d39945875",
    "data": [
      {
        "text": "it",
        "userDefined": false
      },
      {
        "text": " ",
        "userDefined": false
      },
      {
        "text": "is",
        "userDefined": false
      },
      {
        "text": " ",
        "userDefined": false
      },
      {
        "text": "CS-003",
        "meta": "@sys.number-sequence",
        "alias": "COIDI",
        "userDefined": true
      }
    ],
    "isTemplate": false,
    "count": 0,
    "lang": "en",
    "updated": 0
  }
]