[
  {
    "id": "359071eb-7f76-483e-b97b-8bc47f5c6fc8",
    "data": [
      {
        "text": "i dont want to take cs",
        "userDefined": false
      },
      {
        "text": "001",
        "meta": "@sys.number-sequence",
        "alias": "dcID",
        "userDefined": false
      },
      {
        "text": " this semester",
        "userDefined": false
      }
    ],
    "isTemplate": false,
    "count": 0,
    "lang": "en",
    "updated": 0
  },
  {
    "id": "98932b94-5dde-4687-b927-9071f558b4ca",
    "data": [
      {
        "text": "Is it okay to skip course cs",
        "userDefined": false
      },
      {
        "text": "002",
        "meta": "@sys.number-sequence",
        "alias": "dcID",
        "userDefined": false
      },
      {
        "text": " this semester",
        "userDefined": false
      }
    ],
    "isTemplate": false,
    "count": 0,
    "lang": "en",
    "updated": 0
  },
  {
    "id": "d829b963-666c-44d9-96d3-f1ed3d0368fc",
    "data": [
      {
        "text": "Is it okay to skip course Cs",
        "userDefined": false
      },
      {
        "text": "002",
        "meta": "@sys.number-sequence",
        "alias": "dcID",
        "userDefined": false
      },
      {
        "text": " this semester is this fine?",
        "userDefined": false
      }
    ],
    "isTemplate": false,
    "count": 0,
    "lang": "en",
    "updated": 0
  },
  {
    "id": "c46be1e8-553f-41d4-bf98-893347df5035",
    "data": [
      {
        "text": "I don\u0027t want to take  e ",
        "userDefined": false
      },
      {
        "text": "intro to statistical learning",
        "meta": "@Course",
        "alias": "dcname",
        "userDefined": true
      },
      {
        "text": "  this semester.",
        "userDefined": false
      }
    ],
    "isTemplate": false,
    "count": 0,
    "lang": "en",
    "updated": 0
  },
  {
    "id": "5df2c805-b9b9-4c56-872b-b9e4cedb36ae",
    "data": [
      {
        "text": "I don\u0027t want to take  ",
        "userDefined": false
      },
      {
        "text": "database management system",
        "meta": "@Course",
        "alias": "dcname",
        "userDefined": true
      },
      {
        "text": " this semester.",
        "userDefined": false
      }
    ],
    "isTemplate": false,
    "count": 0,
    "lang": "en",
    "updated": 0
  },
  {
    "id": "5131ecf1-83ba-4751-9f08-2e6ede37db98",
    "data": [
      {
        "text": "I don\u0027t want to take course ",
        "userDefined": false
      },
      {
        "text": "database management system",
        "meta": "@Course",
        "alias": "dcname",
        "userDefined": true
      },
      {
        "text": " this semester. Is this okay?",
        "userDefined": false
      }
    ],
    "isTemplate": false,
    "count": 0,
    "lang": "en",
    "updated": 0
  },
  {
    "id": "7e835ebd-5f52-4fbe-a241-b2641b1d7bad",
    "data": [
      {
        "text": "I don\u0027t want to take course ",
        "userDefined": false
      },
      {
        "text": "intro to statistical learning",
        "meta": "@Course",
        "alias": "dcname",
        "userDefined": true
      },
      {
        "text": " this semester. Is this okay?",
        "userDefined": false
      }
    ],
    "isTemplate": false,
    "count": 0,
    "lang": "en",
    "updated": 0
  },
  {
    "id": "0e4d2708-6186-423b-8ae6-8b1ad95d95ee",
    "data": [
      {
        "text": "I don\u0027t want to take course ",
        "userDefined": false
      },
      {
        "text": "big data analytics and application",
        "meta": "@Course",
        "alias": "dcname",
        "userDefined": true
      },
      {
        "text": " this semester. Is this okay?",
        "userDefined": false
      }
    ],
    "isTemplate": false,
    "count": 1,
    "lang": "en",
    "updated": 0
  },
  {
    "id": "1a923dad-6345-4e46-8f22-804ac43dab90",
    "data": [
      {
        "text": "CS-",
        "userDefined": false
      },
      {
        "text": "002",
        "meta": "@sys.number-sequence",
        "alias": "dcID",
        "userDefined": true
      },
      {
        "text": " is conflicting with some other things on my schedule and I don\u0027t want to take it this semester and wanted to know if it is ok ?",
        "userDefined": false
      }
    ],
    "isTemplate": false,
    "count": 0,
    "lang": "en",
    "updated": 0
  },
  {
    "id": "d9a2af99-76b5-48db-b3d5-71394ad5e428",
    "data": [
      {
        "text": "I don\u0027t feel comfortable taking CS-",
        "userDefined": false
      },
      {
        "text": "003",
        "meta": "@sys.number-sequence",
        "alias": "dcID",
        "userDefined": false
      },
      {
        "text": " this semester and wanted to know If I can skip it?",
        "userDefined": false
      }
    ],
    "isTemplate": false,
    "count": 0,
    "lang": "en",
    "updated": 0
  },
  {
    "id": "3e6508aa-d514-4a45-813d-046ed662b09f",
    "data": [
      {
        "text": "Is it okay to skip course CS-",
        "userDefined": false
      },
      {
        "text": "002",
        "meta": "@sys.number-sequence",
        "alias": "dcID",
        "userDefined": false
      },
      {
        "text": " this semester is this fine?",
        "userDefined": false
      }
    ],
    "isTemplate": false,
    "count": 0,
    "lang": "en",
    "updated": 0
  },
  {
    "id": "4420f5bf-7f9c-4e7c-b5e8-b53b2bc342e2",
    "data": [
      {
        "text": " I don\u0027t want to take course ",
        "userDefined": false
      },
      {
        "text": "CS-001",
        "meta": "@sys.number-sequence",
        "alias": "dcID",
        "userDefined": true
      },
      {
        "text": " this semester. Is this okay?",
        "userDefined": false
      }
    ],
    "isTemplate": false,
    "count": 0,
    "lang": "en",
    "updated": 0
  }
]