[
  {
    "id": "33eeb238-dd26-4aa5-bca8-b9fce10b303f",
    "data": [
      {
        "text": "red",
        "meta": "@RegexE",
        "alias": "regexe",
        "userDefined": false
      }
    ],
    "isTemplate": false,
    "count": 0,
    "lang": "en",
    "updated": 0
  },
  {
    "id": "f687cf59-acf2-4cfc-b904-9e33219d6f31",
    "data": [
      {
        "text": "I",
        "meta": "@RegexE",
        "alias": "regexe",
        "userDefined": false
      },
      {
        "text": " like ",
        "userDefined": false
      },
      {
        "text": "green",
        "meta": "@sys.color",
        "alias": "color",
        "userDefined": false
      }
    ],
    "isTemplate": false,
    "count": 0,
    "lang": "en",
    "updated": 0
  }
]