[
  {
    "id": "e7cb2e8a-8c8b-43dd-8056-68d69c77623b",
    "data": [
      {
        "text": "I am feeling very great. I am very happy about my project. Things are going great.",
        "meta": "@sys.percentage",
        "alias": "tex",
        "userDefined": true
      }
    ],
    "isTemplate": false,
    "count": 0,
    "lang": "en",
    "updated": 0
  },
  {
    "id": "5bd1ea5a-0404-4c62-96d8-aa637606c02b",
    "data": [
      {
        "text": "One of my relative died. I am feeling stressful. I am having hard time with courses.",
        "meta": "@sys.percentage",
        "alias": "tex",
        "userDefined": true
      }
    ],
    "isTemplate": false,
    "count": 0,
    "lang": "en",
    "updated": 0
  },
  {
    "id": "a9da4bd7-31e7-47b1-ac2b-7f9925e6b834",
    "data": [
      {
        "text": "I\u0027m having a hard time. My grandfather passed away. I\u0027m struggling with the courses.",
        "meta": "@sys.percentage",
        "alias": "tex",
        "userDefined": true
      }
    ],
    "isTemplate": false,
    "count": 1,
    "lang": "en",
    "updated": 0
  }
]