[
  {
    "id": "067806b6-20c7-45b8-a833-25c74b19a95d",
    "data": [
      {
        "text": "it is ",
        "userDefined": false
      },
      {
        "text": "big data analytics and application",
        "meta": "@Course",
        "alias": "RcNamei",
        "userDefined": true
      }
    ],
    "isTemplate": false,
    "count": 0,
    "lang": "en",
    "updated": 0
  },
  {
    "id": "c27824cd-7853-46d8-b0f1-5ffe1dd9c3ae",
    "data": [
      {
        "text": "course name is ",
        "userDefined": false
      },
      {
        "text": "big data analytics and application",
        "meta": "@Course",
        "alias": "RcNamei",
        "userDefined": true
      }
    ],
    "isTemplate": false,
    "count": 0,
    "lang": "en",
    "updated": 0
  },
  {
    "id": "cc833ef7-6d4e-44c5-9cc3-88a775de0560",
    "data": [
      {
        "text": "big data analytics and application",
        "meta": "@Course",
        "alias": "RcNamei",
        "userDefined": true
      }
    ],
    "isTemplate": false,
    "count": 0,
    "lang": "en",
    "updated": 0
  },
  {
    "id": "d5d6cbc0-96b6-4cf0-a1bb-c70892e69f33",
    "data": [
      {
        "text": "The course name is ",
        "userDefined": false
      },
      {
        "text": "intro to statistical learning",
        "meta": "@Course",
        "alias": "RcNamei",
        "userDefined": true
      }
    ],
    "isTemplate": false,
    "count": 0,
    "lang": "en",
    "updated": 0
  },
  {
    "id": "91c54023-c842-448d-b6d2-674e7eba99ae",
    "data": [
      {
        "text": "it is ",
        "userDefined": false
      },
      {
        "text": "intro to statistical learning",
        "meta": "@Course",
        "alias": "RcNamei",
        "userDefined": true
      }
    ],
    "isTemplate": false,
    "count": 0,
    "lang": "en",
    "updated": 0
  },
  {
    "id": "1a5f9771-4702-4691-9215-aab1ea2979cc",
    "data": [
      {
        "text": "intro to statistical learning",
        "meta": "@Course",
        "alias": "RcNamei",
        "userDefined": true
      }
    ],
    "isTemplate": false,
    "count": 0,
    "lang": "en",
    "updated": 0
  },
  {
    "id": "d4566360-288b-4193-80e4-c7c3e447380a",
    "data": [
      {
        "text": "the name is ",
        "userDefined": false
      },
      {
        "text": "database management system",
        "meta": "@Course",
        "alias": "RcNamei",
        "userDefined": true
      }
    ],
    "isTemplate": false,
    "count": 0,
    "lang": "en",
    "updated": 0
  },
  {
    "id": "f39feae4-ed3c-4874-ac6b-00f54e8d3d50",
    "data": [
      {
        "text": "it is ",
        "userDefined": false
      },
      {
        "text": "database management system",
        "meta": "@Course",
        "alias": "RcNamei",
        "userDefined": true
      }
    ],
    "isTemplate": false,
    "count": 0,
    "lang": "en",
    "updated": 0
  },
  {
    "id": "d19197bf-6bdc-42e2-bf7f-40fc5ba325b0",
    "data": [
      {
        "text": "database management system",
        "meta": "@Course",
        "alias": "RcNamei",
        "userDefined": true
      }
    ],
    "isTemplate": false,
    "count": 0,
    "lang": "en",
    "updated": 0
  },
  {
    "id": "a5854949-a407-4636-a9c1-c9c59eff5898",
    "data": [
      {
        "text": "cs",
        "userDefined": false
      },
      {
        "text": "001",
        "meta": "@sys.number-sequence",
        "alias": "RcIDi",
        "userDefined": false
      }
    ],
    "isTemplate": false,
    "count": 0,
    "lang": "en",
    "updated": 0
  },
  {
    "id": "bffbf8f4-0082-4880-af8c-8b7a25e43916",
    "data": [
      {
        "text": "The",
        "userDefined": false
      },
      {
        "text": " course ",
        "userDefined": false
      },
      {
        "text": "ID",
        "userDefined": false
      },
      {
        "text": " ",
        "userDefined": false
      },
      {
        "text": "is",
        "userDefined": false
      },
      {
        "text": " CS-",
        "userDefined": false
      },
      {
        "text": "001",
        "meta": "@sys.number-sequence",
        "alias": "RcIDi",
        "userDefined": true
      }
    ],
    "isTemplate": false,
    "count": 0,
    "lang": "en",
    "updated": 0
  },
  {
    "id": "6ed5c26d-baf0-4cbd-ad75-6cce8a3b2c90",
    "data": [
      {
        "text": "CS-",
        "userDefined": false
      },
      {
        "text": "001",
        "meta": "@sys.number-sequence",
        "alias": "RcIDi",
        "userDefined": true
      }
    ],
    "isTemplate": false,
    "count": 0,
    "lang": "en",
    "updated": 0
  }
]