[
  {
    "id": "086c520c-0f4f-489f-aa0d-5ca6cf298813",
    "data": [
      {
        "text": "I",
        "userDefined": false
      },
      {
        "text": " need resources ",
        "userDefined": false
      },
      {
        "text": "to",
        "userDefined": false
      },
      {
        "text": " help ",
        "userDefined": false
      },
      {
        "text": "me",
        "userDefined": false
      },
      {
        "text": " with stress ",
        "userDefined": false
      },
      {
        "text": "and",
        "userDefined": false
      },
      {
        "text": " issues affecting ",
        "userDefined": false
      },
      {
        "text": "my",
        "userDefined": false
      },
      {
        "text": " performance.",
        "userDefined": false
      }
    ],
    "isTemplate": false,
    "count": 1,
    "lang": "en",
    "updated": 0
  },
  {
    "id": "b7cf5e3f-bdc5-47c9-a694-66ec6e40d40f",
    "data": [
      {
        "text": "I",
        "userDefined": false
      },
      {
        "text": " have stress ",
        "userDefined": false
      },
      {
        "text": "and",
        "userDefined": false
      },
      {
        "text": " issues that ",
        "userDefined": false
      },
      {
        "text": "are",
        "userDefined": false
      },
      {
        "text": " affecting ",
        "userDefined": false
      },
      {
        "text": "my",
        "userDefined": false
      },
      {
        "text": " performance.",
        "userDefined": false
      }
    ],
    "isTemplate": false,
    "count": 0,
    "lang": "en",
    "updated": 0
  }
]