[
  {
    "id": "233595fa-b7a4-4bbb-9e6b-fcf51605ee20",
    "data": [
      {
        "text": "003",
        "meta": "@sys.number-sequence",
        "alias": "SID",
        "userDefined": true
      }
    ],
    "isTemplate": false,
    "count": 0,
    "lang": "en",
    "updated": 0
  },
  {
    "id": "3e285fff-2ef5-42fb-9fab-c28c5a4fd3f7",
    "data": [
      {
        "text": "Student ",
        "userDefined": false
      },
      {
        "text": "ID",
        "userDefined": false
      },
      {
        "text": " ",
        "userDefined": false
      },
      {
        "text": "is",
        "userDefined": false
      },
      {
        "text": " ",
        "userDefined": false
      },
      {
        "text": "002",
        "meta": "@sys.number-sequence",
        "alias": "SID",
        "userDefined": true
      }
    ],
    "isTemplate": false,
    "count": 0,
    "lang": "en",
    "updated": 0
  },
  {
    "id": "c3c0dd70-0765-4b59-b85d-97045275c802",
    "data": [
      {
        "text": "it",
        "userDefined": false
      },
      {
        "text": " ",
        "userDefined": false
      },
      {
        "text": "is",
        "userDefined": false
      },
      {
        "text": " ",
        "userDefined": false
      },
      {
        "text": "001",
        "meta": "@sys.number-sequence",
        "alias": "SID",
        "userDefined": true
      }
    ],
    "isTemplate": false,
    "count": 0,
    "lang": "en",
    "updated": 0
  }
]