[
  {
    "id": "c9001822-60bc-40d1-9f9c-b556663c4c1a",
    "data": [
      {
        "text": "Can I add the senior project this semester?",
        "userDefined": false
      }
    ],
    "isTemplate": false,
    "count": 0,
    "lang": "en",
    "updated": 0
  },
  {
    "id": "cfab1e71-e10d-4263-a952-7f988496dc82",
    "data": [
      {
        "text": "can i take a senior project",
        "userDefined": false
      }
    ],
    "isTemplate": false,
    "count": 0,
    "lang": "en",
    "updated": 0
  },
  {
    "id": "b7d9874d-6496-4a54-bfe1-32df7da225e9",
    "data": [
      {
        "text": "is it possible to take senior project now?",
        "userDefined": false
      }
    ],
    "isTemplate": false,
    "count": 0,
    "lang": "en",
    "updated": 0
  },
  {
    "id": "14ac3a11-8acd-4b3e-a96c-c23b923bb36f",
    "data": [
      {
        "text": "may I take a senior project this semester?",
        "userDefined": false
      }
    ],
    "isTemplate": false,
    "count": 0,
    "lang": "en",
    "updated": 0
  },
  {
    "id": "950504a9-cf3c-45f8-a886-28131820a9df",
    "data": [
      {
        "text": "May ",
        "userDefined": false
      },
      {
        "text": "I take a senior project currently",
        "userDefined": true
      }
    ],
    "isTemplate": false,
    "count": 0,
    "lang": "en",
    "updated": 0
  },
  {
    "id": "3c027e8d-8ddb-4b60-91d3-62af19765baa",
    "data": [
      {
        "text": "does the university catalog allow me to take a senior project now?",
        "userDefined": false
      }
    ],
    "isTemplate": false,
    "count": 0,
    "lang": "en",
    "updated": 0
  },
  {
    "id": "c29850b0-3f79-4d27-9330-4b3a2d51f7a2",
    "data": [
      {
        "text": "does the current catalog allow me to take a senior project this semester?",
        "userDefined": false
      }
    ],
    "isTemplate": false,
    "count": 1,
    "lang": "en",
    "updated": 0
  },
  {
    "id": "5715cde0-f850-4e8a-a46c-097b72bf0510",
    "data": [
      {
        "text": "can I take a senior project currently?",
        "userDefined": false
      }
    ],
    "isTemplate": false,
    "count": 0,
    "lang": "en",
    "updated": 0
  },
  {
    "id": "6b48f289-8c6b-4abe-a1e8-f49f417874e8",
    "data": [
      {
        "text": "is it okay to take a senior project now?",
        "userDefined": false
      }
    ],
    "isTemplate": false,
    "count": 0,
    "lang": "en",
    "updated": 0
  },
  {
    "id": "d8f406b2-f7f0-4e57-8617-f7def59d5a54",
    "data": [
      {
        "text": "Can",
        "userDefined": false
      },
      {
        "text": " ",
        "userDefined": false
      },
      {
        "text": "I",
        "userDefined": false
      },
      {
        "text": " take ",
        "userDefined": false
      },
      {
        "text": "a",
        "userDefined": false
      },
      {
        "text": " Senior Project this Semester?",
        "userDefined": false
      }
    ],
    "isTemplate": false,
    "count": 0,
    "lang": "en",
    "updated": 0
  }
]