[
  {
    "id": "733d80e0-c04c-4ac3-8f56-21a7a54622ff",
    "data": [
      {
        "text": "The",
        "userDefined": false
      },
      {
        "text": " ",
        "userDefined": false
      },
      {
        "text": "ID",
        "userDefined": false
      },
      {
        "text": " ",
        "userDefined": false
      },
      {
        "text": "is",
        "userDefined": false
      },
      {
        "text": " ",
        "userDefined": false
      },
      {
        "text": "002",
        "meta": "@sys.number-sequence",
        "alias": "SID",
        "userDefined": true
      }
    ],
    "isTemplate": false,
    "count": 0,
    "lang": "en",
    "updated": 0
  },
  {
    "id": "592c9192-587d-49c4-a8ec-42719385b851",
    "data": [
      {
        "text": "The",
        "userDefined": false
      },
      {
        "text": " course code ",
        "userDefined": false
      },
      {
        "text": "is",
        "userDefined": false
      },
      {
        "text": " ",
        "userDefined": false
      },
      {
        "text": "SWE225",
        "meta": "@CourseCode",
        "alias": "CoCode",
        "userDefined": true
      }
    ],
    "isTemplate": false,
    "count": 0,
    "lang": "en",
    "updated": 0
  },
  {
    "id": "52aba50d-3fba-43cd-b55f-76d4c895984f",
    "data": [
      {
        "text": "Computer Network Technologies",
        "meta": "@Course",
        "alias": "CoName",
        "userDefined": true
      }
    ],
    "isTemplate": false,
    "count": 0,
    "lang": "en",
    "updated": 0
  }
]