[
  {
    "id": "67666780-6f87-4bca-b802-6e6e95575fe2",
    "data": [
      {
        "text": "Why can\u0027t I enroll in ",
        "userDefined": false
      },
      {
        "text": "Computer Network Technologies",
        "meta": "@Course",
        "alias": "CoName",
        "userDefined": true
      }
    ],
    "isTemplate": false,
    "count": 0,
    "lang": "en",
    "updated": 0
  },
  {
    "id": "147261b2-1c23-4c93-a8d0-8781987d60de",
    "data": [
      {
        "text": "Why",
        "userDefined": false
      },
      {
        "text": " ",
        "userDefined": false
      },
      {
        "text": "can",
        "userDefined": false
      },
      {
        "text": "\u0027",
        "userDefined": false
      },
      {
        "text": "t",
        "userDefined": false
      },
      {
        "text": " ",
        "userDefined": false
      },
      {
        "text": "I",
        "userDefined": false
      },
      {
        "text": " enroll ",
        "userDefined": false
      },
      {
        "text": "in",
        "userDefined": false
      },
      {
        "text": " ",
        "userDefined": false
      },
      {
        "text": "SWE225",
        "meta": "@CourseCode",
        "alias": "CoCode",
        "userDefined": true
      }
    ],
    "isTemplate": false,
    "count": 0,
    "lang": "en",
    "updated": 0
  }
]